{
    "देश": {
        "नाम": "नेपाल",
        "आईएसओ_कोड": "NP",
        "प्रशासनिक_संरचना": {
            "स्तरहरू": [
                "प्रदेश",
                "जिल्ला",
                "स्थानीय तह (महानगरपालिका / उपमहानगरपालिका / नगरपालिका / गाउँपालिका)",
                "वडा"
            ]
        },
        "प्रदेशहरू": [
            {
                "प्रदेश_आईडी": 1,
                "प्रदेश_नाम": "कोशी प्रदेश",
                "जिल्लाहरू": [
                    {
                        "जिल्ला_नाम": "भोजपुर",
                        "स्थानीय_तहहरू": []
                    },
                    {
                        "जिल्ला_नाम": "धनकुटा",
                        "स्थानीय_तहहरू": []
                    },
                    {
                        "जिल्ला_नाम": "इलाम",
                        "स्थानीय_तहहरू": []
                    },
                    {
                        "जिल्ला_नाम": "झापा",
                        "स्थानीय_तहहरू": []
                    },
                    {
                        "जिल्ला_नाम": "खोटाङ",
                        "स्थानीय_तहहरू": []
                    },
                    {
                        "जिल्ला_नाम": "मोरङ",
                        "स्थानीय_तहहरू": []
                    },
                    {
                        "जिल्ला_नाम": "ओखलढुंगा",
                        "स्थानीय_तहहरू": []
                    },
                    {
                        "जिल्ला_नाम": "पाँचथर",
                        "स्थानीय_तहहरू": []
                    },
                    {
                        "जिल्ला_नाम": "संखुवासभा",
                        "स्थानीय_तहहरू": []
                    },
                    {
                        "जिल्ला_नाम": "सोलुखुम्बु",
                        "स्थानीय_तहहरू": []
                    },
                    {
                        "जिल्ला_नाम": "सुनसरी",
                        "स्थानीय_तहहरू": []
                    },
                    {
                        "जिल्ला_नाम": "ताप्लेजुङ",
                        "स्थानीय_तहहरू": []
                    },
                    {
                        "जिल्ला_नाम": "तेह्रथुम",
                        "स्थानीय_तहहरू": []
                    },
                    {
                        "जिल्ला_नाम": "उदयपुर",
                        "स्थानीय_तहहरू": []
                    }
                ]
            },
            {
                "प्रदेश_आईडी": 2,
                "प्रदेश_नाम": "मधेश प्रदेश",
                "जिल्लाहरू": [
                    {
                        "जिल्ला_नाम": "बारा",
                        "स्थानीय_तहहरू": []
                    },
                    {
                        "जिल्ला_नाम": "धनुषा",
                        "स्थानीय_तहहरू": []
                    },
                    {
                        "जिल्ला_नाम": "महोत्तरी",
                        "स्थानीय_तहहरू": []
                    },
                    {
                        "जिल्ला_नाम": "पर्सा",
                        "स्थानीय_तहहरू": []
                    },
                    {
                        "जिल्ला_नाम": "रौतहट",
                        "स्थानीय_तहहरू": []
                    },
                    {
                        "जिल्ला_नाम": "सप्तरी",
                        "स्थानीय_तहहरू": []
                    },
                    {
                        "जिल्ला_नाम": "सर्लाही",
                        "स्थानीय_तहहरू": []
                    },
                    {
                        "जिल्ला_नाम": "सिरहा",
                        "स्थानीय_तहहरू": []
                    }
                ]
            },
            {
                "प्रदेश_आईडी": 3,
                "प्रदेश_नाम": "बागमती प्रदेश",
                "जिल्लाहरू": [
                    {
                        "जिल्ला_नाम": "भक्तपुर",
                        "स्थानीय_तहहरू": []
                    },
                    {
                        "जिल्ला_नाम": "चितवन",
                        "स्थानीय_तहहरू": []
                    },
                    {
                        "जिल्ला_नाम": "धादिङ",
                        "स्थानीय_तहहरू": []
                    },
                    {
                        "जिल्ला_नाम": "दोलखा",
                        "स्थानीय_तहहरू": []
                    },
                    {
                        "जिल्ला_नाम": "काठमाडौं",
                        "स्थानीय_तहहरू": []
                    },
                    {
                        "जिल्ला_नाम": "काभ्रेपलाञ्चोक",
                        "स्थानीय_तहहरू": []
                    },
                    {
                        "जिल्ला_नाम": "ललितपुर",
                        "स्थानीय_तहहरू": []
                    },
                    {
                        "जिल्ला_नाम": "मकवानपुर",
                        "स्थानीय_तहहरू": []
                    },
                    {
                        "जिल्ला_नाम": "नुवाकोट",
                        "स्थानीय_तहहरू": []
                    },
                    {
                        "जिल्ला_नाम": "रामेछाप",
                        "स्थानीय_तहहरू": []
                    },
                    {
                        "जिल्ला_नाम": "रसुवा",
                        "स्थानीय_तहहरू": []
                    },
                    {
                        "जिल्ला_नाम": "सिन्धुली",
                        "स्थानीय_तहहरू": []
                    },
                    {
                        "जिल्ला_नाम": "सिन्धुपाल्चोक",
                        "स्थानीय_तहहरू": []
                    }
                ]
            },
            {
                "प्रदेश_आईडी": 4,
                "प्रदेश_नाम": "गण्डकी प्रदेश",
                "जिल्लाहरू": [
                    {
                        "जिल्ला_नाम": "बागलुङ",
                        "स्थानीय_तहहरू": []
                    },
                    {
                        "जिल्ला_नाम": "गोरखा",
                        "स्थानीय_तहहरू": []
                    },
                    {
                        "जिल्ला_नाम": "कास्की",
                        "स्थानीय_तहहरू": []
                    },
                    {
                        "जिल्ला_नाम": "लमजुङ",
                        "स्थानीय_तहहरू": []
                    },
                    {
                        "जिल्ला_नाम": "मनाङ",
                        "स्थानीय_तहहरू": []
                    },
                    {
                        "जिल्ला_नाम": "मुस्ताङ",
                        "स्थानीय_तहहरू": []
                    },
                    {
                        "जिल्ला_नाम": "म्याग्दी",
                        "स्थानीय_तहहरू": []
                    },
                    {
                        "जिल्ला_नाम": "नवलपुर",
                        "स्थानीय_तहहरू": []
                    },
                    {
                        "जिल्ला_नाम": "पर्वत",
                        "स्थानीय_तहहरू": []
                    },
                    {
                        "जिल्ला_नाम": "स्याङ्जा",
                        "स्थानीय_तहहरू": []
                    },
                    {
                        "जिल्ला_नाम": "तनहुँ",
                        "स्थानीय_तहहरू": []
                    }
                ]
            },
            {
                "प्रदेश_आईडी": 5,
                "प्रदेश_नाम": "लुम्बिनी प्रदेश",
                "जिल्लाहरू": [
                    {
                        "जिल्ला_नाम": "अर्घाखाँची",
                        "स्थानीय_तहहरू": []
                    },
                    {
                        "जिल्ला_नाम": "बाँके",
                        "स्थानीय_तहहरू": []
                    },
                    {
                        "जिल्ला_नाम": "बर्दिया",
                        "स्थानीय_तहहरू": []
                    },
                    {
                        "जिल्ला_नाम": "दाङ",
                        "स्थानीय_तहहरू": []
                    },
                    {
                        "जिल्ला_नाम": "गुल्मी",
                        "स्थानीय_तहहरू": []
                    },
                    {
                        "जिल्ला_नाम": "कपिलवस्तु",
                        "स्थानीय_तहहरू": []
                    },
                    {
                        "जिल्ला_नाम": "पाल्पा",
                        "स्थानीय_तहहरू": []
                    },
                    {
                        "जिल्ला_नाम": "परासी",
                        "स्थानीय_तहहरू": []
                    },
                    {
                        "जिल्ला_नाम": "प्यूठान",
                        "स्थानीय_तहहरू": []
                    },
                    {
                        "जिल्ला_नाम": "रोल्पा",
                        "स्थानीय_तहहरू": []
                    },
                    {
                        "जिल्ला_नाम": "रुपन्देही",
                        "स्थानीय_तहहरू": []
                    },
                    {
                        "जिल्ला_नाम": "पूर्वी रुकुम",
                        "स्थानीय_तहहरू": []
                    }
                ]
            },
            {
                "प्रदेश_आईडी": 6,
                "प्रदेश_नाम": "कर्णाली प्रदेश",
                "जिल्लाहरू": [
                    {
                        "जिल्ला_नाम": "दैलेख",
                        "स्थानीय_तहहरू": []
                    },
                    {
                        "जिल्ला_नाम": "डोल्पा",
                        "स्थानीय_तहहरू": []
                    },
                    {
                        "जिल्ला_नाम": "हुम्ला",
                        "स्थानीय_तहहरू": []
                    },
                    {
                        "जिल्ला_नाम": "जाजरकोट",
                        "स्थानीय_तहहरू": []
                    },
                    {
                        "जिल्ला_नाम": "जुम्ला",
                        "स्थानीय_तहहरू": []
                    },
                    {
                        "जिल्ला_नाम": "कालिकोट",
                        "स्थानीय_तहहरू": []
                    },
                    {
                        "जिल्ला_नाम": "मुगु",
                        "स्थानीय_तहहरू": []
                    },
                    {
                        "जिल्ला_नाम": "सल्यान",
                        "स्थानीय_तहहरू": []
                    },
                    {
                        "जिल्ला_नाम": "सुर्खेत",
                        "स्थानीय_तहहरू": []
                    },
                    {
                        "जिल्ला_नाम": "पश्चिम रुकुम",
                        "स्थानीय_तहहरू": []
                    }
                ]
            },
            {
                "प्रदेश_आईडी": 7,
                "प्रदेश_नाम": "सुदूरपश्चिम प्रदेश",
                "जिल्लाहरू": [
                    {
                        "जिल्ला_नाम": "अछाम",
                        "स्थानीय_तहहरू": []
                    },
                    {
                        "जिल्ला_नाम": "बैतडी",
                        "स्थानीय_तहहरू": []
                    },
                    {
                        "जिल्ला_नाम": "बझाङ",
                        "स्थानीय_तहहरू": []
                    },
                    {
                        "जिल्ला_नाम": "बाजुरा",
                        "स्थानीय_तहहरू": []
                    },
                    {
                        "जिल्ला_नाम": "डडेल्धुरा",
                        "स्थानीय_तहहरू": []
                    },
                    {
                        "जिल्ला_नाम": "दार्चुला",
                        "स्थानीय_तहहरू": []
                    },
                    {
                        "जिल्ला_नाम": "डोटी",
                        "स्थानीय_तहहरू": []
                    },
                    {
                        "जिल्ला_नाम": "कैलाली",
                        "स्थानीय_तहहरू": []
                    },
                    {
                        "जिल्ला_नाम": "कञ्चनपुर",
                        "स्थानीय_तहहरू": []
                    }
                ]
            }
        ],
        "ठेगाना_ढाँचा": {
            "वडा_नम्बर": "पूर्णांक",
            "स्थानीय_तह": "नाम",
            "जिल्ला": "नाम",
            "प्रदेश": "नाम",
            "देश": "नेपाल",
            "पूर्ण_ठेगाना_ढाँचा": "वडा नं. {वडा_नम्बर}, {स्थानीय_तह}, {जिल्ला} जिल्ला, {प्रदेश}, नेपाल"
        }
    }
}{
    "देश": "नेपाल",
    "प्रदेशहरू": [
        {
            "प्रदेश": "कोशी प्रदेश",
            "जिल्लाहरू": {
                "झापा": [
                    "मेचीनगर नगरपालिका",
                    "भद्रपुर नगरपालिका",
                    "दमक नगरपालिका",
                    "बिर्तामोड नगरपालिका",
                    "अर्जुनधारा नगरपालिका",
                    "कनकाई नगरपालिका",
                    "शिवसताक्षी नगरपालिका",
                    "कचनकवल गाउँपालिका",
                    "गौरादह नगरपालिका",
                    "कमल गाउँपालिका",
                    "झापा गाउँपालिका",
                    "बुद्धशान्ति गाउँपालिका",
                    "हल्दिबारी गाउँपालिका",
                    "बाह्रदशी गाउँपालिका",
                    "गौरीगंज गाउँपालिका"
                ],
                "मोरङ": [
                    "बिराटनगर महानगरपालिका",
                    "बेलबारी नगरपालिका",
                    "लेटाङ नगरपालिका",
                    "पथरी–शनिश्चरे नगरपालिका",
                    "रंगेली नगरपालिका",
                    "रतुवामाई नगरपालिका",
                    "उर्लाबारी नगरपालिका",
                    "सुन्दरहरैंचा नगरपालिका",
                    "कटहरी गाउँपालिका",
                    "धनपालथान गाउँपालिका",
                    "जहदा गाउँपालिका",
                    "कानेपोखरी गाउँपालिका",
                    "बुढीगंगा गाउँपालिका",
                    "मिक्लाजुङ गाउँपालिका"
                ]
                /* अन्य जिल्लाहरू यही ढाँचामा */
            }
        },
        {
            "प्रदेश": "बागमती प्रदेश",
            "जिल्लाहरू": {
                "काठमाडौं": [
                    "काठमाडौं महानगरपालिका",
                    "कागेश्वरी मनोहरा नगरपालिका",
                    "गोकर्णेश्वर नगरपालिका",
                    "चन्द्रागिरी नगरपालिका",
                    "टोखा नगरपालिका",
                    "तारकेश्वर नगरपालिका",
                    "दक्षिणकाली नगरपालिका",
                    "नागार्जुन नगरपालिका",
                    "बुढानिलकण्ठ नगरपालिका",
                    "शंखरापुर नगरपालिका"
                ],
                "ललितपुर": [
                    "ललितपुर महानगरपालिका",
                    "गोदावरी नगरपालिका",
                    "महालक्ष्मी नगरपालिका",
                    "कोन्ज्योसोम गाउँपालिका",
                    "बागमती गाउँपालिका",
                    "महाङ्काल गाउँपालिका"
                ],
                "भक्तपुर": [
                    "भक्तपुर नगरपालिका",
                    "मध्यपुर थिमी नगरपालिका",
                    "सूर्यविनायक नगरपालिका",
                    "चाँगुनारायण नगरपालिका"
                ]
                /* अन्य जिल्लाहरू यही ढाँचामा */
            }
        }
        /* मधेश, गण्डकी, लुम्बिनी, कर्णाली, सुदूरपश्चिम प्रदेश पनि यही ढाँचामा */
    ],
    "ठेगाना_ढाँचा": "वडा नं. X, {स्थानीय तह}, {जिल्ला} जिल्ला, {प्रदेश}, नेपाल"
}